Station_ID,Date,Latitude,Longitude,SMAP_Moisture
TXS04,2015-04-03,30.3654,-98.6125,0.1456178
TXS04,2015-04-06,30.3654,-98.6125,0.1271636
TXS04,2015-04-08,30.3654,-98.6125,0.1314534
TXS04,2015-04-11,30.3654,-98.6125,0.1954402
TXS04,2015-04-14,30.3654,-98.6125,0.2058766
TXS04,2015-04-16,30.3654,-98.6125,0.1518074
TXS04,2015-04-19,30.3654,-98.6125,0.3190851
TXS04,2015-04-22,30.3654,-98.6125,0.1990332
TXS04,2015-04-24,30.3654,-98.6125,0.3554723
TXS04,2015-04-27,30.3654,-98.6125,0.296639
TXS04,2015-05-05,30.3654,-98.6125,0.1244573
TXS04,2015-05-08,30.3654,-98.6125,0.1792857
TXS04,2015-05-10,30.3654,-98.6125,0.2020711
TXS04,2015-05-16,30.3654,-98.6125,0.2710851
TXS04,2015-05-18,30.3654,-98.6125,0.2675309
TXS04,2015-05-21,30.3654,-98.6125,0.3229256
TXS04,2015-05-24,30.3654,-98.6125,0.3731223
TXS04,2015-05-26,30.3654,-98.6125,0.3124678
TXS04,2015-05-29,30.3654,-98.6125,0.4015265
TXS04,2015-06-01,30.3654,-98.6125,0.2771802
TXS04,2015-06-03,30.3654,-98.6125,0.2472544
TXS04,2015-06-06,30.3654,-98.6125,0.1745111
TXS04,2015-06-09,30.3654,-98.6125,0.1553409
TXS04,2015-06-11,30.3654,-98.6125,0.1303745
TXS04,2015-06-14,30.3654,-98.6125,0.1415249
TXS04,2015-06-19,30.3654,-98.6125,0.2306845
TXS04,2015-06-25,30.3654,-98.6125,0.1649297
TXS04,2015-06-27,30.3654,-98.6125,0.1654361
TXS04,2015-06-30,30.3654,-98.6125,0.1775753
TXS04,2015-07-03,30.3654,-98.6125,0.1634736
TXS04,2015-07-05,30.3654,-98.6125,0.1295469
TXS04,2015-07-08,30.3654,-98.6125,0.1166474
TXS04,2015-07-11,30.3654,-98.6125,0.1069324
TXS04,2015-07-13,30.3654,-98.6125,0.1109408
TXS04,2015-07-16,30.3654,-98.6125,0.1190433
TXS04,2015-07-19,30.3654,-98.6125,0.1038917
TXS04,2015-07-21,30.3654,-98.6125,0.1062827
TXS04,2015-07-24,30.3654,-98.6125,0.102898
TXS04,2015-07-29,30.3654,-98.6125,0.1122328
TXS04,2015-07-30,30.3654,-98.6125,0.0966917
TXS04,2015-08-01,30.3654,-98.6125,0.163914
TXS04,2015-08-04,30.3654,-98.6125,0.1124313
TXS04,2015-08-06,30.3654,-98.6125,0.1224773
TXS04,2015-08-09,30.3654,-98.6125,0.1156817
TXS04,2015-08-14,30.3654,-98.6125,0.131311
TXS04,2015-08-17,30.3654,-98.6125,0.134661
TXS04,2015-08-20,30.3654,-98.6125,0.0982828
TXS04,2015-08-22,30.3654,-98.6125,0.1226477
TXS04,2015-08-25,30.3654,-98.6125,0.1170207
TXS04,2015-08-28,30.3654,-98.6125,0.1173745
TXS04,2015-08-30,30.3654,-98.6125,0.0978061
TXS04,2015-09-02,30.3654,-98.6125,0.1308632
TXS04,2015-09-05,30.3654,-98.6125,0.1169525
TXS04,2015-09-07,30.3654,-98.6125,0.1134346
TXS04,2015-09-10,30.3654,-98.6125,0.1461471
TXS04,2015-09-13,30.3654,-98.6125,0.1518227
TXS04,2015-09-15,30.3654,-98.6125,0.1251635
TXS04,2015-09-18,30.3654,-98.6125,0.1360183
TXS04,2015-09-21,30.3654,-98.6125,0.1188932
TXS04,2015-09-23,30.3654,-98.6125,0.1264604
TXS04,2015-09-26,30.3654,-98.6125,0.1167041
TXS04,2015-09-29,30.3654,-98.6125,0.1164324
TXS04,2015-10-01,30.3654,-98.6125,0.1315129
TXS04,2015-10-04,30.3654,-98.6125,0.1181894
TXS04,2015-10-07,30.3654,-98.6125,0.1229311
TXS04,2015-10-09,30.3654,-98.6125,0.1348546
TXS04,2015-10-12,30.3654,-98.6125,0.1135386
TXS04,2015-10-15,30.3654,-98.6125,0.1139181
TXS04,2015-10-17,30.3654,-98.6125,0.1229972
TXS04,2015-10-20,30.3654,-98.6125,0.1165094
TXS04,2015-10-28,30.3654,-98.6125,0.2707932
TXS04,2015-10-31,30.3654,-98.6125,0.350083
TXS04,2015-11-02,30.3654,-98.6125,0.3425124
TXS04,2015-11-05,30.3654,-98.6125,0.2907183
TXS04,2015-11-08,30.3654,-98.6125,0.2742228
TXS04,2015-11-10,30.3654,-98.6125,0.2842194
TXS04,2015-11-13,30.3654,-98.6125,0.2509002
TXS04,2015-11-16,30.3654,-98.6125,0.2182329
TXS04,2015-11-18,30.3654,-98.6125,0.3067943
TXS04,2015-11-21,30.3654,-98.6125,0.235279
TXS04,2015-11-24,30.3654,-98.6125,0.1969016
TXS04,2015-11-26,30.3654,-98.6125,0.1898641
TXS04,2015-11-29,30.3654,-98.6125,0.3426135
TXS04,2015-12-02,30.3654,-98.6125,0.2939345
TXS04,2015-12-04,30.3654,-98.6125,0.2637067
TXS04,2015-12-07,30.3654,-98.6125,0.2611191
TXS04,2015-12-10,30.3654,-98.6125,0.2466619
TXS04,2015-12-12,30.3654,-98.6125,0.2273707
TXS04,2015-12-18,30.3654,-98.6125,0.2642654
TXS04,2015-12-20,30.3654,-98.6125,0.2292582
TXS04,2015-12-23,30.3654,-98.6125,0.251586
TXS04,2015-12-26,30.3654,-98.6125,0.221107
TXS04,2015-12-28,30.3654,-98.6125,0.3046745
TXS04,2015-12-31,30.3654,-98.6125,0.2755698
TXS04,2016-01-03,30.3654,-98.6125,0.2807066
TXS04,2016-01-05,30.3654,-98.6125,0.2849574
TXS04,2016-01-08,30.3654,-98.6125,0.2966908
TXS04,2016-01-11,30.3654,-98.6125,0.2719128
TXS04,2016-01-13,30.3654,-98.6125,0.2482523
TXS04,2016-01-16,30.3654,-98.6125,0.2606381
TXS04,2016-01-19,30.3654,-98.6125,0.1990839
TXS04,2016-01-21,30.3654,-98.6125,0.2072977
TXS04,2016-01-24,30.3654,-98.6125,0.2026705
TXS04,2016-01-27,30.3654,-98.6125,0.2049013
TXS04,2016-01-29,30.3654,-98.6125,0.1937007
TXS04,2016-02-01,30.3654,-98.6125,0.1872278
TXS04,2016-02-04,30.3654,-98.6125,0.1657744
TXS04,2016-02-06,30.3654,-98.6125,0.1745632
TXS04,2016-02-09,30.3654,-98.6125,0.1537628
TXS04,2016-02-12,30.3654,-98.6125,0.1528054
TXS04,2016-02-14,30.3654,-98.6125,0.1458163
TXS04,2016-02-17,30.3654,-98.6125,0.1547047
TXS04,2016-02-20,30.3654,-98.6125,0.1235806
TXS04,2016-02-22,30.3654,-98.6125,0.1757898
TXS04,2016-02-25,30.3654,-98.6125,0.2640052
TXS04,2016-02-28,30.3654,-98.6125,0.2035201
TXS04,2016-03-01,30.3654,-98.6125,0.1939786
TXS04,2016-03-04,30.3654,-98.6125,0.1755752
TXS04,2016-03-07,30.3654,-98.6125,0.1410324
TXS04,2016-03-09,30.3654,-98.6125,0.3423885
TXS04,2016-03-12,30.3654,-98.6125,0.3474251
TXS04,2016-03-15,30.3654,-98.6125,0.2479703
TXS04,2016-03-17,30.3654,-98.6125,0.2281608
TXS04,2016-03-20,30.3654,-98.6125,0.2407241
TXS04,2016-03-23,30.3654,-98.6125,0.1858095
TXS04,2016-03-25,30.3654,-98.6125,0.2274519
TXS04,2016-03-28,30.3654,-98.6125,0.1825563
TXS04,2016-03-31,30.3654,-98.6125,0.1744524
TXS04,2016-04-02,30.3654,-98.6125,0.2521766
TXS04,2016-04-05,30.3654,-98.6125,0.1855312
TXS04,2016-04-08,30.3654,-98.6125,0.1429788
TXS04,2016-04-10,30.3654,-98.6125,0.1439871
TXS04,2016-04-13,30.3654,-98.6125,0.3057936
TXS04,2016-04-16,30.3654,-98.6125,0.2210148
TXS04,2016-04-18,30.3654,-98.6125,0.2866418
TXS04,2016-04-21,30.3654,-98.6125,0.3458726
TXS04,2016-04-24,30.3654,-98.6125,0.2131971
TXS04,2016-04-26,30.3654,-98.6125,0.1991087
TXS04,2016-04-29,30.3654,-98.6125,0.2310215
TXS04,2016-05-04,30.3654,-98.6125,0.2002042
TXS04,2016-05-07,30.3654,-98.6125,0.1452031
TXS04,2016-05-10,30.3654,-98.6125,0.13784
TXS04,2016-05-12,30.3654,-98.6125,0.1509124
TXS04,2016-05-15,30.3654,-98.6125,0.1976576
TXS04,2016-05-18,30.3654,-98.6125,0.2775466
TXS04,2016-05-20,30.3654,-98.6125,0.3121003
TXS04,2016-05-23,30.3654,-98.6125,0.2316679
TXS04,2016-05-26,30.3654,-98.6125,0.2112436
TXS04,2016-05-28,30.3654,-98.6125,0.2792789
TXS04,2016-05-31,30.3654,-98.6125,0.262554
TXS04,2016-06-03,30.3654,-98.6125,0.2951159
TXS04,2016-06-05,30.3654,-98.6125,0.2822708
TXS04,2016-06-08,30.3654,-98.6125,0.2000094
TXS04,2016-06-11,30.3654,-98.6125,0.1681633
TXS04,2016-06-13,30.3654,-98.6125,0.1566522
TXS04,2016-06-16,30.3654,-98.6125,0.1353545
TXS04,2016-06-19,30.3654,-98.6125,0.1328177
TXS04,2016-06-21,30.3654,-98.6125,0.1433268
TXS04,2016-06-24,30.3654,-98.6125,0.1171088
TXS04,2016-06-27,30.3654,-98.6125,0.1300258
TXS04,2016-06-29,30.3654,-98.6125,0.1459512
TXS04,2016-07-02,30.3654,-98.6125,0.1155238
TXS04,2016-07-05,30.3654,-98.6125,0.1008273
TXS04,2016-07-07,30.3654,-98.6125,0.1162313
TXS04,2016-07-10,30.3654,-98.6125,0.1089403
TXS04,2016-07-13,30.3654,-98.6125,0.1101446
TXS04,2016-07-15,30.3654,-98.6125,0.1138595
TXS04,2016-07-18,30.3654,-98.6125,0.1079447
TXS04,2016-07-21,30.3654,-98.6125,0.1043502
TXS04,2016-07-23,30.3654,-98.6125,0.1128408
TXS04,2016-07-26,30.3654,-98.6125,0.2376273
TXS04,2016-07-29,30.3654,-98.6125,0.1519335
TXS04,2016-07-31,30.3654,-98.6125,0.124706
TXS04,2016-08-03,30.3654,-98.6125,0.1136534
TXS04,2016-08-06,30.3654,-98.6125,0.1101248
TXS04,2016-08-08,30.3654,-98.6125,0.1039646
TXS04,2016-08-11,30.3654,-98.6125,0.1103324
TXS04,2016-08-14,30.3654,-98.6125,0.2801144
TXS04,2016-08-16,30.3654,-98.6125,0.2978506
TXS04,2016-08-19,30.3654,-98.6125,0.277792
TXS04,2016-08-22,30.3654,-98.6125,0.2784245
TXS04,2016-08-24,30.3654,-98.6125,0.239379
TXS04,2016-08-27,30.3654,-98.6125,0.2029787
TXS04,2016-08-30,30.3654,-98.6125,0.1579523
TXS04,2016-09-01,30.3654,-98.6125,0.1763115
TXS04,2016-09-04,30.3654,-98.6125,0.1844117
TXS04,2016-09-07,30.3654,-98.6125,0.1660023
TXS04,2016-09-09,30.3654,-98.6125,0.1349151
TXS04,2016-09-12,30.3654,-98.6125,0.1430648
TXS04,2016-09-15,30.3654,-98.6125,0.1219019
TXS04,2016-09-17,30.3654,-98.6125,0.1217556
TXS04,2016-09-20,30.3654,-98.6125,0.104941
TXS04,2016-09-23,30.3654,-98.6125,0.1037356
TXS04,2016-09-25,30.3654,-98.6125,0.1861494
TXS04,2016-10-01,30.3654,-98.6125,0.205107
TXS04,2016-10-03,30.3654,-98.6125,0.1771563
TXS04,2016-10-06,30.3654,-98.6125,0.1354468
TXS04,2016-10-09,30.3654,-98.6125,0.1469067
TXS04,2016-10-11,30.3654,-98.6125,0.1343946
TXS04,2016-10-14,30.3654,-98.6125,0.1326079
TXS04,2016-10-17,30.3654,-98.6125,0.1243396
TXS04,2016-10-19,30.3654,-98.6125,0.1260151
TXS04,2016-10-22,30.3654,-98.6125,0.143714
TXS04,2016-10-25,30.3654,-98.6125,0.1292841
TXS04,2016-10-27,30.3654,-98.6125,0.1207872
TXS04,2016-10-30,30.3654,-98.6125,0.1042926
TXS04,2016-11-02,30.3654,-98.6125,0.1030248
TXS04,2016-11-04,30.3654,-98.6125,0.2698764
TXS04,2016-11-07,30.3654,-98.6125,0.3071508
TXS04,2016-11-10,30.3654,-98.6125,0.3466536
TXS04,2016-11-12,30.3654,-98.6125,0.3066194
TXS04,2016-11-15,30.3654,-98.6125,0.2754867
TXS04,2016-11-18,30.3654,-98.6125,0.2215839
TXS04,2016-11-20,30.3654,-98.6125,0.2345323
TXS04,2016-11-23,30.3654,-98.6125,0.2569731
TXS04,2016-11-26,30.3654,-98.6125,0.2294982
TXS04,2016-11-28,30.3654,-98.6125,0.1929148
TXS04,2016-12-01,30.3654,-98.6125,0.1957175
TXS04,2016-12-04,30.3654,-98.6125,0.295259
TXS04,2016-12-06,30.3654,-98.6125,0.3174942
TXS04,2016-12-09,30.3654,-98.6125,0.2545071
TXS04,2016-12-12,30.3654,-98.6125,0.2724421
TXS04,2016-12-14,30.3654,-98.6125,0.2769567
TXS04,2016-12-17,30.3654,-98.6125,0.240173
TXS04,2016-12-20,30.3654,-98.6125,0.224755
TXS04,2016-12-22,30.3654,-98.6125,0.2305315
TXS04,2016-12-25,30.3654,-98.6125,0.2275911
TXS04,2016-12-28,30.3654,-98.6125,0.2085391
TXS04,2016-12-30,30.3654,-98.6125,0.236521
TXS04,2017-01-02,30.3654,-98.6125,0.3085057
TXS04,2017-01-05,30.3654,-98.6125,0.21512
TXS04,2017-01-07,30.3654,-98.6125,0.1952875
TXS04,2017-01-10,30.3654,-98.6125,0.1865147
TXS04,2017-01-13,30.3654,-98.6125,0.1920713
TXS04,2017-01-15,30.3654,-98.6125,0.2198539
TXS04,2017-01-18,30.3654,-98.6125,0.2905979
TXS04,2017-01-21,30.3654,-98.6125,0.2605771
TXS04,2017-01-23,30.3654,-98.6125,0.2583241
TXS04,2017-01-26,30.3654,-98.6125,0.2340919
TXS04,2017-01-29,30.3654,-98.6125,0.2022215
TXS04,2017-01-31,30.3654,-98.6125,0.2067034
TXS04,2017-02-03,30.3654,-98.6125,0.1806317
TXS04,2017-02-06,30.3654,-98.6125,0.1671329
TXS04,2017-02-08,30.3654,-98.6125,0.1972704
TXS04,2017-02-11,30.3654,-98.6125,0.15207
TXS04,2017-02-14,30.3654,-98.6125,0.3907244
TXS04,2017-02-16,30.3654,-98.6125,0.2830227
TXS04,2017-02-19,30.3654,-98.6125,0.2245257
TXS04,2017-02-22,30.3654,-98.6125,0.2598291
TXS04,2017-02-24,30.3654,-98.6125,0.2622325
TXS04,2017-02-27,30.3654,-98.6125,0.1966801
TXS04,2017-03-02,30.3654,-98.6125,0.1946698
TXS04,2017-03-04,30.3654,-98.6125,0.1784813
TXS04,2017-03-07,30.3654,-98.6125,0.2543734
TXS04,2017-03-10,30.3654,-98.6125,0.2234003
TXS04,2017-03-12,30.3654,-98.6125,0.2735136
TXS04,2017-03-15,30.3654,-98.6125,0.2126008
TXS04,2017-03-18,30.3654,-98.6125,0.1886006
TXS04,2017-03-20,30.3654,-98.6125,0.1841177
TXS04,2017-03-23,30.3654,-98.6125,0.1562204
TXS04,2017-03-26,30.3654,-98.6125,0.1460284
TXS04,2017-03-28,30.3654,-98.6125,0.1374304
TXS04,2017-03-31,30.3654,-98.6125,0.1920106
TXS04,2017-04-03,30.3654,-98.6125,0.2933247
TXS04,2017-04-05,30.3654,-98.6125,0.2370172
TXS04,2017-04-08,30.3654,-98.6125,0.1701089
TXS04,2017-04-11,30.3654,-98.6125,0.2053161
TXS04,2017-04-13,30.3654,-98.6125,0.215425
TXS04,2017-04-16,30.3654,-98.6125,0.1973124
TXS04,2017-04-19,30.3654,-98.6125,0.1767149
TXS04,2017-04-21,30.3654,-98.6125,0.1445866
TXS04,2017-04-24,30.3654,-98.6125,0.1398995
TXS04,2017-04-27,30.3654,-98.6125,0.1283654
TXS04,2017-04-29,30.3654,-98.6125,0.1159364
TXS04,2017-05-02,30.3654,-98.6125,0.1371426
TXS04,2017-05-05,30.3654,-98.6125,0.1150478
TXS04,2017-05-07,30.3654,-98.6125,0.114144
TXS04,2017-05-10,30.3654,-98.6125,0.1443609
TXS04,2017-05-13,30.3654,-98.6125,0.1306895
TXS04,2017-05-15,30.3654,-98.6125,0.1210241
TXS04,2017-05-18,30.3654,-98.6125,0.1559372
TXS04,2017-05-21,30.3654,-98.6125,0.2405832
TXS04,2017-05-23,30.3654,-98.6125,0.2640424
TXS04,2017-05-26,30.3654,-98.6125,0.1799922
TXS04,2017-05-29,30.3654,-98.6125,0.250641
TXS04,2017-05-31,30.3654,-98.6125,0.210978
TXS04,2017-06-03,30.3654,-98.6125,0.1875326
TXS04,2017-06-06,30.3654,-98.6125,0.2344745
TXS04,2017-06-08,30.3654,-98.6125,0.179887
TXS04,2017-06-11,30.3654,-98.6125,0.1332964
TXS04,2017-06-14,30.3654,-98.6125,0.1172619
TXS04,2017-06-16,30.3654,-98.6125,0.1144235
TXS04,2017-06-19,30.3654,-98.6125,0.1179929
TXS04,2017-06-22,30.3654,-98.6125,0.1290502
TXS04,2017-06-24,30.3654,-98.6125,0.1109312
TXS04,2017-06-27,30.3654,-98.6125,0.2769477
TXS04,2017-06-30,30.3654,-98.6125,0.1685881
TXS04,2017-07-02,30.3654,-98.6125,0.1744911
TXS04,2017-07-05,30.3654,-98.6125,0.1463332
TXS04,2017-07-08,30.3654,-98.6125,0.1200357
TXS04,2017-07-10,30.3654,-98.6125,0.1410294
TXS04,2017-07-13,30.3654,-98.6125,0.1126842
TXS04,2017-07-16,30.3654,-98.6125,0.1293839
TXS04,2017-07-18,30.3654,-98.6125,0.16228
TXS04,2017-07-21,30.3654,-98.6125,0.1139299
TXS04,2017-07-24,30.3654,-98.6125,0.2392095
TXS04,2017-07-26,30.3654,-98.6125,0.198167
TXS04,2017-07-29,30.3654,-98.6125,0.1258982
TXS04,2017-08-01,30.3654,-98.6125,0.1276719
TXS04,2017-08-03,30.3654,-98.6125,0.1718011
TXS04,2017-08-06,30.3654,-98.6125,0.1305297
TXS04,2017-08-09,30.3654,-98.6125,0.261074
TXS04,2017-08-11,30.3654,-98.6125,0.2225434
TXS04,2017-08-14,30.3654,-98.6125,0.1506052
TXS04,2017-08-17,30.3654,-98.6125,0.1239536
TXS04,2017-08-19,30.3654,-98.6125,0.1112887
TXS04,2017-08-22,30.3654,-98.6125,0.1190291
TXS04,2017-08-25,30.3654,-98.6125,0.1303832
TXS04,2017-08-27,30.3654,-98.6125,0.2897006
TXS04,2017-08-30,30.3654,-98.6125,0.2165133
TXS04,2017-09-02,30.3654,-98.6125,0.1430288
TXS04,2017-09-04,30.3654,-98.6125,0.1343993
TXS04,2017-09-07,30.3654,-98.6125,0.1297747
TXS04,2017-09-10,30.3654,-98.6125,0.1121856
TXS04,2017-09-12,30.3654,-98.6125,0.1129472
TXS04,2017-09-15,30.3654,-98.6125,0.1098462
TXS04,2017-09-18,30.3654,-98.6125,0.0998687
TXS04,2017-09-20,30.3654,-98.6125,0.0979194
TXS04,2017-09-23,30.3654,-98.6125,0.1131968
TXS04,2017-09-26,30.3654,-98.6125,0.1594437
TXS04,2017-09-28,30.3654,-98.6125,0.2886197
TXS04,2017-10-01,30.3654,-98.6125,0.2708578
TXS04,2017-10-04,30.3654,-98.6125,0.2565523
TXS04,2017-10-06,30.3654,-98.6125,0.2293868
TXS04,2017-10-09,30.3654,-98.6125,0.2027913
TXS04,2017-10-12,30.3654,-98.6125,0.1576047
TXS04,2017-10-14,30.3654,-98.6125,0.1457752
TXS04,2017-10-17,30.3654,-98.6125,0.1473572
TXS04,2017-10-20,30.3654,-98.6125,0.1217505
TXS04,2017-10-22,30.3654,-98.6125,0.2754441
TXS04,2017-10-25,30.3654,-98.6125,0.1745558
TXS04,2017-10-28,30.3654,-98.6125,0.1467638
TXS04,2017-10-30,30.3654,-98.6125,0.1399939
TXS04,2017-11-02,30.3654,-98.6125,0.1317929
TXS04,2017-11-05,30.3654,-98.6125,0.1234363
TXS04,2017-11-07,30.3654,-98.6125,0.1291127
TXS04,2017-11-10,30.3654,-98.6125,0.2206851
TXS04,2017-11-13,30.3654,-98.6125,0.1961921
TXS04,2017-11-15,30.3654,-98.6125,0.1821143
TXS04,2017-11-18,30.3654,-98.6125,0.1629737
TXS04,2017-11-21,30.3654,-98.6125,0.127905
TXS04,2017-11-23,30.3654,-98.6125,0.1537655
TXS04,2017-11-26,30.3654,-98.6125,0.1329184
TXS04,2017-11-29,30.3654,-98.6125,0.1288685
TXS04,2017-12-01,30.3654,-98.6125,0.1248573
TXS04,2017-12-04,30.3654,-98.6125,0.1331346
TXS04,2017-12-07,30.3654,-98.6125,0.3127933
TXS04,2017-12-09,30.3654,-98.6125,0.2411557
TXS04,2017-12-12,30.3654,-98.6125,0.2583887
TXS04,2017-12-15,30.3654,-98.6125,0.2274417
TXS04,2017-12-17,30.3654,-98.6125,0.2482109
TXS04,2017-12-20,30.3654,-98.6125,0.2541353
TXS04,2017-12-23,30.3654,-98.6125,0.2694364
TXS04,2017-12-25,30.3654,-98.6125,0.2284805
TXS04,2017-12-28,30.3654,-98.6125,0.2341629
TXS04,2017-12-31,30.3654,-98.6125,0.205351
TXS04,2018-01-02,30.3654,-98.6125,0.208812
TXS04,2018-01-05,30.3654,-98.6125,0.2125295
TXS04,2018-01-08,30.3654,-98.6125,0.2160879
TXS04,2018-01-10,30.3654,-98.6125,0.206096
TXS04,2018-01-13,30.3654,-98.6125,0.186499
TXS04,2018-01-18,30.3654,-98.6125,0.1719582
TXS04,2018-01-24,30.3654,-98.6125,0.1750299
TXS04,2018-01-26,30.3654,-98.6125,0.1397628
TXS04,2018-01-29,30.3654,-98.6125,0.192737
TXS04,2018-02-01,30.3654,-98.6125,0.1527195
TXS04,2018-02-03,30.3654,-98.6125,0.1343858
TXS04,2018-02-06,30.3654,-98.6125,0.1148153
TXS04,2018-02-09,30.3654,-98.6125,0.1774917
TXS04,2018-02-11,30.3654,-98.6125,0.1611827
TXS04,2018-02-14,30.3654,-98.6125,0.1370953
TXS04,2018-02-17,30.3654,-98.6125,0.1500502
TXS04,2018-02-19,30.3654,-98.6125,0.147283
TXS04,2018-02-22,30.3654,-98.6125,0.3181337
TXS04,2018-02-25,30.3654,-98.6125,0.2667033
TXS04,2018-02-27,30.3654,-98.6125,0.2294433
TXS04,2018-03-02,30.3654,-98.6125,0.259517
TXS04,2018-03-05,30.3654,-98.6125,0.2234597
TXS04,2018-03-07,30.3654,-98.6125,0.2340729
TXS04,2018-03-10,30.3654,-98.6125,0.1602609
TXS04,2018-03-13,30.3654,-98.6125,0.150184
TXS04,2018-03-15,30.3654,-98.6125,0.1359383
TXS04,2018-03-18,30.3654,-98.6125,0.1266174
TXS04,2018-03-21,30.3654,-98.6125,0.1373264
TXS04,2018-03-23,30.3654,-98.6125,0.1166631
TXS04,2018-03-26,30.3654,-98.6125,0.1230568
TXS04,2018-03-29,30.3654,-98.6125,0.2937911
TXS04,2018-03-31,30.3654,-98.6125,0.2114884
TXS04,2018-04-03,30.3654,-98.6125,0.1710081
TXS04,2018-04-06,30.3654,-98.6125,0.1232542
TXS04,2018-04-08,30.3654,-98.6125,0.143049
TXS04,2018-04-11,30.3654,-98.6125,0.1176217
TXS04,2018-04-14,30.3654,-98.6125,0.1630159
TXS04,2018-04-16,30.3654,-98.6125,0.1316064
TXS04,2018-04-19,30.3654,-98.6125,0.1229941
TXS04,2018-04-22,30.3654,-98.6125,0.1657793
TXS04,2018-04-24,30.3654,-98.6125,0.1298296
TXS04,2018-04-27,30.3654,-98.6125,0.1861656
TXS04,2018-04-30,30.3654,-98.6125,0.1380228
TXS04,2018-05-02,30.3654,-98.6125,0.1247929
TXS04,2018-05-08,30.3654,-98.6125,0.2102525
TXS04,2018-05-10,30.3654,-98.6125,0.1702099
TXS04,2018-05-13,30.3654,-98.6125,0.1277203
TXS04,2018-05-16,30.3654,-98.6125,0.3171322
TXS04,2018-05-18,30.3654,-98.6125,0.1993595
TXS04,2018-05-21,30.3654,-98.6125,0.2394914
TXS04,2018-05-24,30.3654,-98.6125,0.1548582
TXS04,2018-05-26,30.3654,-98.6125,0.1358883
TXS04,2018-06-01,30.3654,-98.6125,0.098408
TXS04,2018-06-03,30.3654,-98.6125,0.1150534
TXS04,2018-06-06,30.3654,-98.6125,0.1691749
TXS04,2018-06-09,30.3654,-98.6125,0.1306164
TXS04,2018-06-11,30.3654,-98.6125,0.1246882
TXS04,2018-06-14,30.3654,-98.6125,0.1118968
TXS04,2018-06-17,30.3654,-98.6125,0.1095157
TXS04,2018-06-19,30.3654,-98.6125,0.1425185
TXS04,2018-06-22,30.3654,-98.6125,0.1499439
TXS04,2018-06-25,30.3654,-98.6125,0.0942803
TXS04,2018-06-30,30.3654,-98.6125,0.1114972
TXS04,2018-07-03,30.3654,-98.6125,0.0914378
TXS04,2018-07-05,30.3654,-98.6125,0.2308111
TXS04,2018-07-08,30.3654,-98.6125,0.2261742
TXS04,2018-07-11,30.3654,-98.6125,0.1806744
TXS04,2018-07-13,30.3654,-98.6125,0.1405661
TXS04,2018-07-16,30.3654,-98.6125,0.106268
TXS04,2018-07-19,30.3654,-98.6125,0.1060273
TXS04,2018-07-21,30.3654,-98.6125,0.1134931
TXS04,2018-07-24,30.3654,-98.6125,0.1015342
TXS04,2018-07-27,30.3654,-98.6125,0.1160055
TXS04,2018-07-29,30.3654,-98.6125,0.1016722
TXS04,2018-08-01,30.3654,-98.6125,0.1364017
TXS04,2018-08-04,30.3654,-98.6125,0.0992238
TXS04,2018-08-06,30.3654,-98.6125,0.126005
TXS04,2018-08-09,30.3654,-98.6125,0.0965992
TXS04,2018-08-12,30.3654,-98.6125,0.233115
TXS04,2018-08-14,30.3654,-98.6125,0.2279901
TXS04,2018-08-17,30.3654,-98.6125,0.1582871
TXS04,2018-08-20,30.3654,-98.6125,0.1290693
TXS04,2018-08-22,30.3654,-98.6125,0.1297301
TXS04,2018-08-25,30.3654,-98.6125,0.1062529
TXS04,2018-08-28,30.3654,-98.6125,0.102302
TXS04,2018-08-30,30.3654,-98.6125,0.109994
TXS04,2018-09-02,30.3654,-98.6125,0.102624
TXS04,2018-09-05,30.3654,-98.6125,0.2305754
TXS04,2018-09-07,30.3654,-98.6125,0.2662812
TXS04,2018-09-10,30.3654,-98.6125,0.2905786
TXS04,2018-09-13,30.3654,-98.6125,0.2852177
TXS04,2018-09-15,30.3654,-98.6125,0.352974
TXS04,2018-09-18,30.3654,-98.6125,0.2997223
TXS04,2018-09-21,30.3654,-98.6125,0.2497935
TXS04,2018-09-23,30.3654,-98.6125,0.2966307
TXS04,2018-09-26,30.3654,-98.6125,0.2301021
TXS04,2018-09-29,30.3654,-98.6125,0.1856792
TXS04,2018-10-01,30.3654,-98.6125,0.2157614
TXS04,2018-10-04,30.3654,-98.6125,0.194905
TXS04,2018-10-07,30.3654,-98.6125,0.1577252
TXS04,2018-10-09,30.3654,-98.6125,0.2744222
TXS04,2018-10-12,30.3654,-98.6125,0.2405314
TXS04,2018-10-15,30.3654,-98.6125,0.4234091
TXS04,2018-10-17,30.3654,-98.6125,0.388409
TXS04,2018-10-20,30.3654,-98.6125,0.3347583
TXS04,2018-10-23,30.3654,-98.6125,0.309314
TXS04,2018-10-25,30.3654,-98.6125,0.2936225
TXS04,2018-10-28,30.3654,-98.6125,0.293988
TXS04,2018-10-31,30.3654,-98.6125,0.2636748
TXS04,2018-11-02,30.3654,-98.6125,0.2834634
TXS04,2018-11-05,30.3654,-98.6125,0.2666119
TXS04,2018-11-08,30.3654,-98.6125,0.2325931
TXS04,2018-11-10,30.3654,-98.6125,0.2554879
TXS04,2018-11-13,30.3654,-98.6125,0.2758059
TXS04,2018-11-16,30.3654,-98.6125,0.2602181
TXS04,2018-11-18,30.3654,-98.6125,0.2481832
TXS04,2018-11-21,30.3654,-98.6125,0.2526615
TXS04,2018-11-24,30.3654,-98.6125,0.2262317
TXS04,2018-11-26,30.3654,-98.6125,0.2212913
TXS04,2018-11-29,30.3654,-98.6125,0.1689466
TXS04,2018-12-02,30.3654,-98.6125,0.2042639
TXS04,2018-12-04,30.3654,-98.6125,0.2003058
TXS04,2018-12-07,30.3654,-98.6125,0.2435149
TXS04,2018-12-10,30.3654,-98.6125,0.2767074
TXS04,2018-12-12,30.3654,-98.6125,0.2690599
TXS04,2018-12-15,30.3654,-98.6125,0.2481287
TXS04,2018-12-18,30.3654,-98.6125,0.2613961
TXS04,2018-12-20,30.3654,-98.6125,0.2670452
TXS04,2018-12-23,30.3654,-98.6125,0.2557715
TXS04,2018-12-26,30.3654,-98.6125,0.2655589
TXS04,2018-12-28,30.3654,-98.6125,0.3214039
TXS04,2018-12-31,30.3654,-98.6125,0.3183309
TXS04,2019-01-03,30.3654,-98.6125,0.3828984
TXS04,2019-01-05,30.3654,-98.6125,0.2907539
TXS04,2019-01-08,30.3654,-98.6125,0.3147613
TXS04,2019-01-11,30.3654,-98.6125,0.2766742
TXS04,2019-01-13,30.3654,-98.6125,0.3112475
TXS04,2019-01-16,30.3654,-98.6125,0.2725771
TXS04,2019-01-19,30.3654,-98.6125,0.273214
TXS04,2019-01-21,30.3654,-98.6125,0.2507964
TXS04,2019-01-24,30.3654,-98.6125,0.246858
TXS04,2019-01-27,30.3654,-98.6125,0.3173931
TXS04,2019-01-29,30.3654,-98.6125,0.2678108
TXS04,2019-02-01,30.3654,-98.6125,0.2311234
TXS04,2019-02-04,30.3654,-98.6125,0.271305
TXS04,2019-02-06,30.3654,-98.6125,0.2425697
TXS04,2019-02-09,30.3654,-98.6125,0.2687593
TXS04,2019-02-12,30.3654,-98.6125,0.2990007
TXS04,2019-02-14,30.3654,-98.6125,0.2554097
TXS04,2019-02-17,30.3654,-98.6125,0.2312132
TXS04,2019-02-20,30.3654,-98.6125,0.2187559
TXS04,2019-02-22,30.3654,-98.6125,0.2038863
TXS04,2019-02-25,30.3654,-98.6125,0.1886309
TXS04,2019-02-28,30.3654,-98.6125,0.1980375
TXS04,2019-03-02,30.3654,-98.6125,0.2308205
TXS04,2019-03-05,30.3654,-98.6125,0.2143244
TXS04,2019-03-08,30.3654,-98.6125,0.1842894
TXS04,2019-03-10,30.3654,-98.6125,0.1964905
TXS04,2019-03-13,30.3654,-98.6125,0.3509666
TXS04,2019-03-16,30.3654,-98.6125,0.2033912
TXS04,2019-03-18,30.3654,-98.6125,0.1880829
TXS04,2019-03-21,30.3654,-98.6125,0.1607521
TXS04,2019-03-24,30.3654,-98.6125,0.1401362
TXS04,2019-03-26,30.3654,-98.6125,0.1750451
TXS04,2019-03-29,30.3654,-98.6125,0.1324682
TXS04,2019-04-01,30.3654,-98.6125,0.1246367
TXS04,2019-04-03,30.3654,-98.6125,0.1174674
TXS04,2019-04-06,30.3654,-98.6125,0.1231734
TXS04,2019-04-09,30.3654,-98.6125,0.246572
TXS04,2019-04-11,30.3654,-98.6125,0.185935
TXS04,2019-04-14,30.3654,-98.6125,0.2164702
TXS04,2019-04-17,30.3654,-98.6125,0.1487541
TXS04,2019-04-19,30.3654,-98.6125,0.2654783
TXS04,2019-04-22,30.3654,-98.6125,0.1624643
TXS04,2019-04-25,30.3654,-98.6125,0.2996593
TXS04,2019-04-27,30.3654,-98.6125,0.2349681
TXS04,2019-04-30,30.3654,-98.6125,0.1592045
TXS04,2019-05-03,30.3654,-98.6125,0.3274102
TXS04,2019-05-08,30.3654,-98.6125,0.2869938
TXS04,2019-05-11,30.3654,-98.6125,0.2909358
TXS04,2019-05-13,30.3654,-98.6125,0.2546242
TXS04,2019-05-16,30.3654,-98.6125,0.226814
TXS04,2019-05-21,30.3654,-98.6125,0.2224195
TXS04,2019-05-24,30.3654,-98.6125,0.1468946
TXS04,2019-05-27,30.3654,-98.6125,0.1369304
TXS04,2019-05-29,30.3654,-98.6125,0.1319021
TXS04,2019-06-01,30.3654,-98.6125,0.1942061
TXS04,2019-06-04,30.3654,-98.6125,0.1445174
TXS04,2019-06-06,30.3654,-98.6125,0.2648417
TXS04,2019-06-09,30.3654,-98.6125,0.1546669
TXS04,2019-06-12,30.3654,-98.6125,0.2289008
TXS04,2019-06-14,30.3654,-98.6125,0.1860243
TXS04,2019-06-17,30.3654,-98.6125,0.2956791
TXS04,2019-07-24,30.3654,-98.6125,0.1376009
TXS04,2019-07-27,30.3654,-98.6125,0.1019241
TXS04,2019-08-01,30.3654,-98.6125,0.1001815
TXS04,2019-08-04,30.3654,-98.6125,0.1322518
TXS04,2019-08-07,30.3654,-98.6125,0.1016503
TXS04,2019-08-09,30.3654,-98.6125,0.1037704
TXS04,2019-08-12,30.3654,-98.6125,0.1067828
TXS04,2019-08-15,30.3654,-98.6125,0.1464463
TXS04,2019-08-17,30.3654,-98.6125,0.1247304
TXS04,2019-08-20,30.3654,-98.6125,0.1060681
TXS04,2019-08-23,30.3654,-98.6125,0.107291
TXS04,2019-08-25,30.3654,-98.6125,0.1630686
TXS04,2019-08-28,30.3654,-98.6125,0.1216839
TXS04,2019-08-31,30.3654,-98.6125,0.1240133
TXS04,2019-09-02,30.3654,-98.6125,0.178863
TXS04,2019-09-05,30.3654,-98.6125,0.1389599
TXS04,2019-09-08,30.3654,-98.6125,0.1081709
TXS04,2019-09-10,30.3654,-98.6125,0.1061385
TXS04,2019-09-13,30.3654,-98.6125,0.1435
TXS04,2019-09-16,30.3654,-98.6125,0.1160562
TXS04,2019-09-18,30.3654,-98.6125,0.1258357
TXS04,2019-09-21,30.3654,-98.6125,0.1568701
TXS04,2019-09-24,30.3654,-98.6125,0.106523
TXS04,2019-09-26,30.3654,-98.6125,0.1051773
TXS04,2019-09-29,30.3654,-98.6125,0.1482174
TXS04,2019-10-02,30.3654,-98.6125,0.1184284
TXS04,2019-10-04,30.3654,-98.6125,0.1297121
TXS04,2019-10-07,30.3654,-98.6125,0.1574317
TXS04,2019-10-10,30.3654,-98.6125,0.1158977
TXS04,2019-10-12,30.3654,-98.6125,0.2095525
TXS04,2019-10-15,30.3654,-98.6125,0.1738704
TXS04,2019-10-18,30.3654,-98.6125,0.1671082
TXS04,2019-10-20,30.3654,-98.6125,0.1416076
TXS04,2019-10-23,30.3654,-98.6125,0.2164824
TXS04,2019-10-26,30.3654,-98.6125,0.2509536
TXS04,2019-10-28,30.3654,-98.6125,0.2108729
TXS04,2019-10-31,30.3654,-98.6125,0.2613401
TXS04,2019-11-03,30.3654,-98.6125,0.2313874
TXS04,2019-11-05,30.3654,-98.6125,0.1864164
TXS04,2019-11-08,30.3654,-98.6125,0.344387
TXS04,2019-11-11,30.3654,-98.6125,0.2197986
TXS04,2019-11-13,30.3654,-98.6125,0.2517578
TXS04,2019-11-16,30.3654,-98.6125,0.2344875
TXS04,2019-11-19,30.3654,-98.6125,0.2346425
TXS04,2019-11-21,30.3654,-98.6125,0.2252078
TXS04,2019-11-24,30.3654,-98.6125,0.2114293
TXS04,2019-11-27,30.3654,-98.6125,0.1933968
TXS04,2019-11-29,30.3654,-98.6125,0.1636804
TXS04,2019-12-02,30.3654,-98.6125,0.1946309
TXS04,2019-12-05,30.3654,-98.6125,0.1574696
TXS04,2019-12-07,30.3654,-98.6125,0.1676985
TXS04,2019-12-10,30.3654,-98.6125,0.2067746
TXS04,2019-12-13,30.3654,-98.6125,0.1987772
TXS04,2019-12-15,30.3654,-98.6125,0.2154877
TXS04,2019-12-18,30.3654,-98.6125,0.1773672
TXS04,2019-12-21,30.3654,-98.6125,0.1532839
TXS04,2019-12-23,30.3654,-98.6125,0.1774517
TXS04,2019-12-26,30.3654,-98.6125,0.1536839
TXS04,2019-12-29,30.3654,-98.6125,0.174408
TXS04,2019-12-31,30.3654,-98.6125,0.1638182
TXS04,2020-01-03,30.3654,-98.6125,0.1485785
TXS04,2020-01-06,30.3654,-98.6125,0.1491168
TXS04,2020-01-08,30.3654,-98.6125,0.1493627
TXS04,2020-01-11,30.3654,-98.6125,0.3028937
TXS04,2020-01-14,30.3654,-98.6125,0.2206449
TXS04,2020-01-16,30.3654,-98.6125,0.2114888
TXS04,2020-01-19,30.3654,-98.6125,0.2881011
TXS04,2020-01-22,30.3654,-98.6125,0.323212
TXS04,2020-01-24,30.3654,-98.6125,0.2704997
TXS04,2020-01-27,30.3654,-98.6125,0.2396316
TXS04,2020-01-30,30.3654,-98.6125,0.2412698
TXS04,2020-02-04,30.3654,-98.6125,0.2035623
TXS04,2020-02-07,30.3654,-98.6125,0.1977863
TXS04,2020-02-09,30.3654,-98.6125,0.1767707
TXS04,2020-02-12,30.3654,-98.6125,0.3516744
TXS04,2020-02-15,30.3654,-98.6125,0.2458976
TXS04,2020-02-17,30.3654,-98.6125,0.225887
TXS04,2020-02-20,30.3654,-98.6125,0.3570809
TXS04,2020-02-23,30.3654,-98.6125,0.2568844
TXS04,2020-02-25,30.3654,-98.6125,0.2405204
TXS04,2020-02-28,30.3654,-98.6125,0.2132256
TXS04,2020-03-02,30.3654,-98.6125,0.1589265
TXS04,2020-03-04,30.3654,-98.6125,0.3276595
TXS04,2020-03-07,30.3654,-98.6125,0.2499493
TXS04,2020-03-10,30.3654,-98.6125,0.2572542
TXS04,2020-03-12,30.3654,-98.6125,0.2222554
TXS04,2020-03-15,30.3654,-98.6125,0.2056917
TXS04,2020-03-18,30.3654,-98.6125,0.2400356
TXS04,2020-03-20,30.3654,-98.6125,0.3522762
TXS04,2020-03-23,30.3654,-98.6125,0.2904033
TXS04,2020-03-26,30.3654,-98.6125,0.231092
TXS04,2020-03-28,30.3654,-98.6125,0.2321205
TXS04,2020-03-31,30.3654,-98.6125,0.1915509
TXS04,2020-04-03,30.3654,-98.6125,0.2220348
TXS04,2020-04-05,30.3654,-98.6125,0.3264201
TXS04,2020-04-08,30.3654,-98.6125,0.2420511
TXS04,2020-04-11,30.3654,-98.6125,0.2211531
TXS04,2020-04-13,30.3654,-98.6125,0.2548587
TXS04,2020-04-16,30.3654,-98.6125,0.2173528
TXS04,2020-04-19,30.3654,-98.6125,0.1625246
TXS04,2020-04-21,30.3654,-98.6125,0.170899
TXS04,2020-04-24,30.3654,-98.6125,0.167194
TXS04,2020-04-27,30.3654,-98.6125,0.1217521
TXS04,2020-04-29,30.3654,-98.6125,0.1607237
TXS04,2020-05-02,30.3654,-98.6125,0.1301832
TXS04,2020-05-05,30.3654,-98.6125,0.1193406
TXS04,2020-05-07,30.3654,-98.6125,0.1216626
TXS04,2020-05-10,30.3654,-98.6125,0.1258334
TXS04,2020-05-13,30.3654,-98.6125,0.2766764
TXS04,2020-05-15,30.3654,-98.6125,0.231448
TXS04,2020-05-18,30.3654,-98.6125,0.2406745
TXS04,2020-05-21,30.3654,-98.6125,0.198167
TXS04,2020-05-23,30.3654,-98.6125,0.1534452
TXS04,2020-05-29,30.3654,-98.6125,0.28099
TXS04,2020-05-31,30.3654,-98.6125,0.2262422
TXS04,2020-06-06,30.3654,-98.6125,0.1725312
TXS04,2020-06-08,30.3654,-98.6125,0.1563866
TXS04,2020-06-11,30.3654,-98.6125,0.1481867
TXS04,2020-06-14,30.3654,-98.6125,0.1193817
TXS04,2020-06-16,30.3654,-98.6125,0.1230219
TXS04,2020-06-19,30.3654,-98.6125,0.1251209
TXS04,2020-06-22,30.3654,-98.6125,0.1188134
TXS04,2020-06-24,30.3654,-98.6125,0.184348
TXS04,2020-06-27,30.3654,-98.6125,0.1391155
TXS04,2020-06-30,30.3654,-98.6125,0.149229
TXS04,2020-07-02,30.3654,-98.6125,0.1367064
TXS04,2020-07-05,30.3654,-98.6125,0.1083676
TXS04,2020-07-08,30.3654,-98.6125,0.1428549
TXS04,2020-07-10,30.3654,-98.6125,0.127137
TXS04,2020-07-13,30.3654,-98.6125,0.1148443
TXS04,2020-07-16,30.3654,-98.6125,0.1022228
TXS04,2020-07-18,30.3654,-98.6125,0.1066828
TXS04,2020-07-21,30.3654,-98.6125,0.1138245
TXS04,2020-07-24,30.3654,-98.6125,0.0952813
TXS04,2020-07-26,30.3654,-98.6125,0.1209456
TXS04,2020-07-29,30.3654,-98.6125,0.145113
TXS04,2020-08-01,30.3654,-98.6125,0.1587782
TXS04,2020-08-03,30.3654,-98.6125,0.1382608
TXS04,2020-08-06,30.3654,-98.6125,0.1244641
TXS04,2020-08-09,30.3654,-98.6125,0.1092054
TXS04,2020-08-11,30.3654,-98.6125,0.1019299
TXS04,2020-08-14,30.3654,-98.6125,0.1029329
TXS04,2020-08-17,30.3654,-98.6125,0.1191811
TXS04,2020-08-19,30.3654,-98.6125,0.1200653
TXS04,2020-08-22,30.3654,-98.6125,0.24559
TXS04,2020-08-25,30.3654,-98.6125,0.1579829
TXS04,2020-08-27,30.3654,-98.6125,0.1295389
TXS04,2020-08-30,30.3654,-98.6125,0.1082083
TXS04,2020-09-02,30.3654,-98.6125,0.1305477
TXS04,2020-09-04,30.3654,-98.6125,0.2201781
TXS04,2020-09-07,30.3654,-98.6125,0.2449152
TXS04,2020-09-10,30.3654,-98.6125,0.3705584
TXS04,2020-09-12,30.3654,-98.6125,0.3042153
TXS04,2020-09-15,30.3654,-98.6125,0.2298736
TXS04,2020-09-18,30.3654,-98.6125,0.2479159
TXS04,2020-09-20,30.3654,-98.6125,0.2141362
TXS04,2020-09-23,30.3654,-98.6125,0.2040823
TXS04,2020-09-26,30.3654,-98.6125,0.1679654
TXS04,2020-09-28,30.3654,-98.6125,0.1644516
TXS04,2020-10-01,30.3654,-98.6125,0.1449395
TXS04,2020-10-04,30.3654,-98.6125,0.1246653
TXS04,2020-10-09,30.3654,-98.6125,0.1211312
TXS04,2020-10-12,30.3654,-98.6125,0.1216218
TXS04,2020-10-14,30.3654,-98.6125,0.1195438
TXS04,2020-10-17,30.3654,-98.6125,0.1177477
TXS04,2020-10-20,30.3654,-98.6125,0.1177066
TXS04,2020-10-22,30.3654,-98.6125,0.119241
TXS04,2020-10-25,30.3654,-98.6125,0.1349062
TXS04,2020-10-28,30.3654,-98.6125,0.2738214
TXS04,2020-10-30,30.3654,-98.6125,0.1792305
TXS04,2020-11-02,30.3654,-98.6125,0.1676303
TXS04,2020-11-05,30.3654,-98.6125,0.1134461
TXS04,2020-11-07,30.3654,-98.6125,0.1213328
TXS04,2020-11-10,30.3654,-98.6125,0.121825
TXS04,2020-11-15,30.3654,-98.6125,0.1410353
TXS04,2020-11-18,30.3654,-98.6125,0.1225632
TXS04,2020-11-21,30.3654,-98.6125,0.1183026
TXS04,2020-11-23,30.3654,-98.6125,0.1302735
TXS04,2020-11-26,30.3654,-98.6125,0.1329188
TXS04,2020-11-29,30.3654,-98.6125,0.2660318
TXS04,2020-12-01,30.3654,-98.6125,0.2094447
TXS04,2020-12-04,30.3654,-98.6125,0.1905563
TXS04,2020-12-07,30.3654,-98.6125,0.1889893
TXS04,2020-12-09,30.3654,-98.6125,0.1872478
TXS04,2020-12-12,30.3654,-98.6125,0.1668337
TXS04,2020-12-15,30.3654,-98.6125,0.1528803
TXS04,2020-12-17,30.3654,-98.6125,0.1597738
TXS04,2020-12-20,30.3654,-98.6125,0.2635844
TXS04,2020-12-23,30.3654,-98.6125,0.1885367
TXS04,2020-12-25,30.3654,-98.6125,0.2257053
TXS04,2020-12-28,30.3654,-98.6125,0.144106
TXS04,2020-12-31,30.3654,-98.6125,0.332825
TXS04,2021-01-02,30.3654,-98.6125,0.2536629
TXS04,2021-01-05,30.3654,-98.6125,0.2461496
TXS04,2021-01-08,30.3654,-98.6125,0.2184634
TXS04,2021-01-10,30.3654,-98.6125,0.3143958
TXS04,2021-01-13,30.3654,-98.6125,0.249466
TXS04,2021-01-16,30.3654,-98.6125,0.2272656
TXS04,2021-01-18,30.3654,-98.6125,0.2154772
TXS04,2021-01-21,30.3654,-98.6125,0.2671003
TXS04,2021-01-24,30.3654,-98.6125,0.2304032
TXS04,2021-01-26,30.3654,-98.6125,0.2467837
TXS04,2021-01-29,30.3654,-98.6125,0.211759
TXS04,2021-02-01,30.3654,-98.6125,0.2097182
TXS04,2021-02-03,30.3654,-98.6125,0.1698603
TXS04,2021-02-06,30.3654,-98.6125,0.167393
TXS04,2021-02-09,30.3654,-98.6125,0.1327406
TXS04,2021-02-11,30.3654,-98.6125,0.1969241
TXS04,2021-02-14,30.3654,-98.6125,0.2672348
TXS04,2021-02-22,30.3654,-98.6125,0.2614811
TXS04,2021-02-25,30.3654,-98.6125,0.2225617
TXS04,2021-02-27,30.3654,-98.6125,0.2444244
TXS04,2021-03-02,30.3654,-98.6125,0.2571411
TXS04,2021-03-05,30.3654,-98.6125,0.2085648
TXS04,2021-03-07,30.3654,-98.6125,0.2022564
TXS04,2021-03-08,30.3654,-98.6125,0.19722
TXS04,2021-03-10,30.3654,-98.6125,0.1756863
TXS04,2021-03-13,30.3654,-98.6125,0.1399027
TXS04,2021-03-15,30.3654,-98.6125,0.1638202
TXS04,2021-03-18,30.3654,-98.6125,0.1831336
TXS04,2021-03-21,30.3654,-98.6125,0.1285001
TXS04,2021-03-23,30.3654,-98.6125,0.2846371
TXS04,2021-03-26,30.3654,-98.6125,0.2780124
TXS04,2021-03-29,30.3654,-98.6125,0.2015491
TXS04,2021-03-31,30.3654,-98.6125,0.1635814
TXS04,2021-04-03,30.3654,-98.6125,0.1790014
TXS04,2021-04-06,30.3654,-98.6125,0.1705685
TXS04,2021-04-08,30.3654,-98.6125,0.1538971
TXS04,2021-04-11,30.3654,-98.6125,0.1424912
TXS04,2021-04-14,30.3654,-98.6125,0.1188089
TXS04,2021-04-16,30.3654,-98.6125,0.2570663
TXS04,2021-04-19,30.3654,-98.6125,0.1357613
TXS04,2021-04-22,30.3654,-98.6125,0.1211642
TXS04,2021-04-24,30.3654,-98.6125,0.1630513
TXS04,2021-04-27,30.3654,-98.6125,0.1243815
TXS04,2021-04-30,30.3654,-98.6125,0.3072501
TXS04,2021-05-02,30.3654,-98.6125,0.3897759
TXS04,2021-05-05,30.3654,-98.6125,0.2540727
TXS04,2021-05-08,30.3654,-98.6125,0.1829112
TXS04,2021-05-10,30.3654,-98.6125,0.2348472
TXS04,2021-05-13,30.3654,-98.6125,0.2411031
TXS04,2021-05-16,30.3654,-98.6125,0.1911426
TXS04,2021-05-18,30.3654,-98.6125,0.2428838
TXS04,2021-05-21,30.3654,-98.6125,0.2034345
TXS04,2021-05-24,30.3654,-98.6125,0.2932856
TXS04,2021-05-26,30.3654,-98.6125,0.2655871
TXS04,2021-05-29,30.3654,-98.6125,0.3230515
TXS04,2021-06-01,30.3654,-98.6125,0.3121422
TXS04,2021-06-03,30.3654,-98.6125,0.3049413
TXS04,2021-06-06,30.3654,-98.6125,0.258502
TXS04,2021-06-09,30.3654,-98.6125,0.2626762
TXS04,2021-06-11,30.3654,-98.6125,0.2019027
TXS04,2021-06-14,30.3654,-98.6125,0.1577477
TXS04,2021-06-17,30.3654,-98.6125,0.1317931
TXS04,2021-06-19,30.3654,-98.6125,0.1183236
TXS04,2021-06-22,30.3654,-98.6125,0.2739724
TXS04,2021-06-25,30.3654,-98.6125,0.1821845
TXS04,2021-06-27,30.3654,-98.6125,0.1532648
TXS04,2021-06-30,30.3654,-98.6125,0.1957827
TXS04,2021-07-03,30.3654,-98.6125,0.1481871
TXS04,2021-07-05,30.3654,-98.6125,0.215066
TXS04,2021-07-08,30.3654,-98.6125,0.2588511
TXS04,2021-07-11,30.3654,-98.6125,0.2595817
TXS04,2021-07-13,30.3654,-98.6125,0.2305658
TXS04,2021-07-16,30.3654,-98.6125,0.166381
TXS04,2021-07-19,30.3654,-98.6125,0.1285139
TXS04,2021-07-21,30.3654,-98.6125,0.2054479
TXS04,2021-07-24,30.3654,-98.6125,0.1623053
TXS04,2021-07-27,30.3654,-98.6125,0.1114695
TXS04,2021-07-29,30.3654,-98.6125,0.1191656
TXS04,2021-08-01,30.3654,-98.6125,0.112444
TXS04,2021-08-04,30.3654,-98.6125,0.1865492
TXS04,2021-08-06,30.3654,-98.6125,0.1594186
TXS04,2021-08-09,30.3654,-98.6125,0.1177023
TXS04,2021-08-12,30.3654,-98.6125,0.1067663
TXS04,2021-08-14,30.3654,-98.6125,0.1071723
TXS04,2021-08-17,30.3654,-98.6125,0.1737698
TXS04,2021-08-20,30.3654,-98.6125,0.1502147
TXS04,2021-08-22,30.3654,-98.6125,0.1361775
TXS04,2021-08-25,30.3654,-98.6125,0.1162725
TXS04,2021-08-28,30.3654,-98.6125,0.1300177
TXS04,2021-08-30,30.3654,-98.6125,0.1414464
TXS04,2021-09-02,30.3654,-98.6125,0.1323731
TXS04,2021-09-05,30.3654,-98.6125,0.116633
TXS04,2021-09-07,30.3654,-98.6125,0.1950433
TXS04,2021-09-10,30.3654,-98.6125,0.1430309
TXS04,2021-09-13,30.3654,-98.6125,0.1095246
TXS04,2021-09-15,30.3654,-98.6125,0.1060659
TXS04,2021-09-18,30.3654,-98.6125,0.1102063
TXS04,2021-09-21,30.3654,-98.6125,0.1012655
TXS04,2021-09-23,30.3654,-98.6125,0.1380883
TXS04,2021-09-26,30.3654,-98.6125,0.1109275
TXS04,2021-09-29,30.3654,-98.6125,0.2934599
TXS04,2021-10-01,30.3654,-98.6125,0.3549133
TXS04,2021-10-04,30.3654,-98.6125,0.2691184
TXS04,2021-10-07,30.3654,-98.6125,0.1943
TXS04,2021-10-09,30.3654,-98.6125,0.1572833
TXS04,2021-10-12,30.3654,-98.6125,0.2139614
TXS04,2021-10-15,30.3654,-98.6125,0.2966828
TXS04,2021-10-17,30.3654,-98.6125,0.2559596
TXS04,2021-10-20,30.3654,-98.6125,0.1849904
TXS04,2021-10-23,30.3654,-98.6125,0.190258
TXS04,2021-10-25,30.3654,-98.6125,0.1585062
TXS04,2021-10-28,30.3654,-98.6125,0.2632016
TXS04,2021-10-31,30.3654,-98.6125,0.2048442
TXS04,2021-11-02,30.3654,-98.6125,0.1636515
TXS04,2021-11-05,30.3654,-98.6125,0.2807203
TXS04,2021-11-08,30.3654,-98.6125,0.2593994
TXS04,2021-11-10,30.3654,-98.6125,0.2112631
TXS04,2021-11-13,30.3654,-98.6125,0.2134203
TXS04,2021-11-16,30.3654,-98.6125,0.1730836
TXS04,2021-11-18,30.3654,-98.6125,0.199642
TXS04,2021-11-21,30.3654,-98.6125,0.1551685
TXS04,2021-11-24,30.3654,-98.6125,0.1432417
TXS04,2021-11-26,30.3654,-98.6125,0.1652427
TXS04,2021-11-29,30.3654,-98.6125,0.2049015
TXS04,2021-12-02,30.3654,-98.6125,0.1706585
TXS04,2021-12-04,30.3654,-98.6125,0.173325
TXS04,2021-12-07,30.3654,-98.6125,0.1738745
TXS04,2021-12-10,30.3654,-98.6125,0.140506
TXS04,2021-12-12,30.3654,-98.6125,0.216343
TXS04,2021-12-15,30.3654,-98.6125,0.1337901
TXS04,2021-12-18,30.3654,-98.6125,0.187363
TXS04,2021-12-20,30.3654,-98.6125,0.1937171
TXS04,2021-12-23,30.3654,-98.6125,0.1605776
TXS04,2021-12-26,30.3654,-98.6125,0.1552638
TXS04,2021-12-28,30.3654,-98.6125,0.1578353
TXS04,2021-12-31,30.3654,-98.6125,0.1402365
TXS04,2022-01-03,30.3654,-98.6125,0.1327973
TXS04,2022-01-05,30.3654,-98.6125,0.1302433
TXS04,2022-01-08,30.3654,-98.6125,0.1037006
TXS04,2022-01-11,30.3654,-98.6125,0.1266322
TXS04,2022-01-13,30.3654,-98.6125,0.1704902
TXS04,2022-01-16,30.3654,-98.6125,0.1437696
TXS04,2022-01-19,30.3654,-98.6125,0.135946
TXS04,2022-01-21,30.3654,-98.6125,0.1248308
TXS04,2022-01-24,30.3654,-98.6125,0.1195548
TXS04,2022-01-27,30.3654,-98.6125,0.1529218
TXS04,2022-02-01,30.3654,-98.6125,0.2344622
TXS04,2022-02-04,30.3654,-98.6125,0.1914066
TXS04,2022-02-09,30.3654,-98.6125,0.2330842
TXS04,2022-02-12,30.3654,-98.6125,0.1901331
TXS04,2022-02-14,30.3654,-98.6125,0.2003476
TXS04,2022-02-17,30.3654,-98.6125,0.1707902
TXS04,2022-02-20,30.3654,-98.6125,0.1460959
TXS04,2022-02-25,30.3654,-98.6125,0.1165923
TXS04,2022-02-28,30.3654,-98.6125,0.1580693
TXS04,2022-03-02,30.3654,-98.6125,0.1420386
TXS04,2022-03-05,30.3654,-98.6125,0.1299828
TXS04,2022-03-08,30.3654,-98.6125,0.1320243
TXS04,2022-03-10,30.3654,-98.6125,0.1276432
TXS04,2022-03-16,30.3654,-98.6125,0.1244818
TXS04,2022-03-18,30.3654,-98.6125,0.1329772
TXS04,2022-03-21,30.3654,-98.6125,0.1301043
TXS04,2022-03-24,30.3654,-98.6125,0.134535
TXS04,2022-03-26,30.3654,-98.6125,0.1375714
TXS04,2022-03-29,30.3654,-98.6125,0.1095361
TXS04,2022-04-01,30.3654,-98.6125,0.1531838
TXS04,2022-04-03,30.3654,-98.6125,0.1314496
TXS04,2022-04-06,30.3654,-98.6125,0.1319696
TXS04,2022-04-09,30.3654,-98.6125,0.1077027
TXS04,2022-04-11,30.3654,-98.6125,0.1201709
TXS04,2022-04-14,30.3654,-98.6125,0.1248933
TXS04,2022-04-17,30.3654,-98.6125,0.1161874
TXS04,2022-04-19,30.3654,-98.6125,0.1497455
TXS04,2022-04-22,30.3654,-98.6125,0.1532618
TXS04,2022-04-25,30.3654,-98.6125,0.1387632
TXS04,2022-04-27,30.3654,-98.6125,0.2056719
TXS04,2022-04-30,30.3654,-98.6125,0.1629701
TXS04,2022-05-03,30.3654,-98.6125,0.1395799
TXS04,2022-05-05,30.3654,-98.6125,0.1468515
TXS04,2022-05-08,30.3654,-98.6125,0.1612929
TXS04,2022-05-11,30.3654,-98.6125,0.1155477
TXS04,2022-05-13,30.3654,-98.6125,0.1200983
TXS04,2022-05-16,30.3654,-98.6125,0.1164494
TXS04,2022-05-19,30.3654,-98.6125,0.1110888
TXS04,2022-05-21,30.3654,-98.6125,0.1209014
TXS04,2022-05-24,30.3654,-98.6125,0.1150234
TXS04,2022-05-27,30.3654,-98.6125,0.1975996
TXS04,2022-05-29,30.3654,-98.6125,0.1598478
TXS04,2022-06-01,30.3654,-98.6125,0.1143982
TXS04,2022-06-04,30.3654,-98.6125,0.3166413
TXS04,2022-06-06,30.3654,-98.6125,0.1782652
TXS04,2022-06-09,30.3654,-98.6125,0.1132867
TXS04,2022-06-12,30.3654,-98.6125,0.109919
TXS04,2022-06-14,30.3654,-98.6125,0.1063632
TXS04,2022-06-17,30.3654,-98.6125,0.1119333
TXS04,2022-06-20,30.3654,-98.6125,0.1132469
TXS04,2022-06-22,30.3654,-98.6125,0.1056387
TXS04,2022-06-25,30.3654,-98.6125,0.1072128
TXS04,2022-06-28,30.3654,-98.6125,0.243037
TXS04,2022-06-30,30.3654,-98.6125,0.1537337
TXS04,2022-07-03,30.3654,-98.6125,0.1196525
TXS04,2022-07-06,30.3654,-98.6125,0.1049506
TXS04,2022-07-08,30.3654,-98.6125,0.1169471
TXS04,2022-07-11,30.3654,-98.6125,0.1401706
TXS04,2022-07-14,30.3654,-98.6125,0.1312374
TXS04,2022-07-16,30.3654,-98.6125,0.2227028
TXS04,2022-07-19,30.3654,-98.6125,0.1354292
TXS04,2022-07-22,30.3654,-98.6125,0.1149152
TXS04,2022-07-24,30.3654,-98.6125,0.1150571
TXS04,2022-07-27,30.3654,-98.6125,0.1123316
TXS04,2022-07-30,30.3654,-98.6125,0.1155438
TXS04,2022-08-01,30.3654,-98.6125,0.1107393
TXS04,2022-08-04,30.3654,-98.6125,0.1050297
TXS04,2022-09-24,30.3654,-98.6125,0.115726
TXS04,2022-09-27,30.3654,-98.6125,0.1268747
TXS04,2022-09-29,30.3654,-98.6125,0.1189847
TXS04,2022-10-02,30.3654,-98.6125,0.1115455
TXS04,2022-10-05,30.3654,-98.6125,0.103161
TXS04,2022-10-07,30.3654,-98.6125,0.1158592
TXS04,2022-10-10,30.3654,-98.6125,0.1159947
TXS04,2022-10-13,30.3654,-98.6125,0.1111425
TXS04,2022-10-15,30.3654,-98.6125,0.1065726
TXS04,2022-10-18,30.3654,-98.6125,0.1991809
TXS04,2022-10-21,30.3654,-98.6125,0.1289174
TXS04,2022-10-23,30.3654,-98.6125,0.1176553
TXS04,2022-10-26,30.3654,-98.6125,0.1784419
TXS04,2022-10-29,30.3654,-98.6125,0.2564378
TXS04,2022-10-31,30.3654,-98.6125,0.1974289
TXS04,2022-11-03,30.3654,-98.6125,0.1615715
TXS04,2022-11-06,30.3654,-98.6125,0.1510187
TXS04,2022-11-08,30.3654,-98.6125,0.1873939
TXS04,2022-11-11,30.3654,-98.6125,0.1628409
TXS04,2022-11-14,30.3654,-98.6125,0.227429
TXS04,2022-11-19,30.3654,-98.6125,0.1960738
TXS04,2022-11-22,30.3654,-98.6125,0.2614485
TXS04,2022-11-24,30.3654,-98.6125,0.263803
TXS04,2022-11-27,30.3654,-98.6125,0.29253
TXS04,2022-11-30,30.3654,-98.6125,0.2575655
TXS04,2022-12-02,30.3654,-98.6125,0.2538632
TXS04,2022-12-05,30.3654,-98.6125,0.220777
TXS04,2022-12-08,30.3654,-98.6125,0.2373759
TXS04,2022-12-10,30.3654,-98.6125,0.2157595
TXS04,2022-12-13,30.3654,-98.6125,0.2071933
TXS04,2022-12-16,30.3654,-98.6125,0.1920464
TXS04,2022-12-18,30.3654,-98.6125,0.1899108
TXS04,2022-12-21,30.3654,-98.6125,0.2451404
TXS04,2022-12-24,30.3654,-98.6125,0.1730514
TXS04,2022-12-26,30.3654,-98.6125,0.1955371
TXS04,2022-12-29,30.3654,-98.6125,0.1595024
TXS04,2023-01-01,30.3654,-98.6125,0.1822336
TXS04,2023-01-03,30.3654,-98.6125,0.1889909
TXS04,2023-01-06,30.3654,-98.6125,0.1542364
TXS04,2023-01-09,30.3654,-98.6125,0.1462758
TXS04,2023-01-11,30.3654,-98.6125,0.1512809
TXS04,2023-01-14,30.3654,-98.6125,0.1483739
TXS04,2023-01-17,30.3654,-98.6125,0.1258924
TXS04,2023-01-19,30.3654,-98.6125,0.1412435
TXS04,2023-01-22,30.3654,-98.6125,0.1257727
TXS04,2023-01-25,30.3654,-98.6125,0.2629799
TXS04,2023-01-27,30.3654,-98.6125,0.2160219
TXS04,2023-01-30,30.3654,-98.6125,0.2313099
TXS04,2023-02-02,30.3654,-98.6125,0.2982304
TXS04,2023-02-04,30.3654,-98.6125,0.2326439
TXS04,2023-02-07,30.3654,-98.6125,0.2260792
TXS04,2023-02-10,30.3654,-98.6125,0.2642952
TXS04,2023-02-12,30.3654,-98.6125,0.2508521
TXS04,2023-02-15,30.3654,-98.6125,0.2064912
TXS04,2023-02-18,30.3654,-98.6125,0.1845116
TXS04,2023-02-20,30.3654,-98.6125,0.1668679
TXS04,2023-02-23,30.3654,-98.6125,0.1616783
TXS04,2023-02-26,30.3654,-98.6125,0.1347451
TXS04,2023-02-28,30.3654,-98.6125,0.1410038
TXS04,2023-03-03,30.3654,-98.6125,0.2559938
TXS04,2023-03-06,30.3654,-98.6125,0.1643691
TXS04,2023-03-08,30.3654,-98.6125,0.1616213
TXS04,2023-03-11,30.3654,-98.6125,0.1423195
TXS04,2023-03-14,30.3654,-98.6125,0.1278668
TXS04,2023-03-16,30.3654,-98.6125,0.1072062
TXS04,2023-03-19,30.3654,-98.6125,0.1385136
TXS04,2023-03-22,30.3654,-98.6125,0.1270675
TXS04,2023-03-24,30.3654,-98.6125,0.1418423
TXS04,2023-03-27,30.3654,-98.6125,0.1205972
TXS04,2023-03-30,30.3654,-98.6125,0.1174519
TXS04,2023-04-01,30.3654,-98.6125,0.1461992
TXS04,2023-04-04,30.3654,-98.6125,0.112736
TXS04,2023-04-07,30.3654,-98.6125,0.2742313
TXS04,2023-04-09,30.3654,-98.6125,0.2682215
TXS04,2023-04-12,30.3654,-98.6125,0.1990256
TXS04,2023-04-15,30.3654,-98.6125,0.1462423
TXS04,2023-04-17,30.3654,-98.6125,0.1253819
TXS04,2023-04-20,30.3654,-98.6125,0.1152843
TXS04,2023-04-23,30.3654,-98.6125,0.2447227
TXS04,2023-04-25,30.3654,-98.6125,0.1807563
TXS04,2023-04-28,30.3654,-98.6125,0.1789251
TXS04,2023-05-01,30.3654,-98.6125,0.1696807
TXS04,2023-05-06,30.3654,-98.6125,0.1810199
TXS04,2023-05-09,30.3654,-98.6125,0.2463687
TXS04,2023-05-11,30.3654,-98.6125,0.2245517
TXS04,2023-05-14,30.3654,-98.6125,0.2932852
TXS04,2023-05-17,30.3654,-98.6125,0.2961055
TXS04,2023-05-19,30.3654,-98.6125,0.2230192
TXS04,2023-05-22,30.3654,-98.6125,0.2638763
TXS04,2023-05-25,30.3654,-98.6125,0.3035104
TXS04,2023-05-27,30.3654,-98.6125,0.2412124
TXS04,2023-05-30,30.3654,-98.6125,0.2446952
TXS04,2023-06-02,30.3654,-98.6125,0.1704651
TXS04,2023-06-04,30.3654,-98.6125,0.2611773
TXS04,2023-06-07,30.3654,-98.6125,0.1808674
TXS04,2023-06-10,30.3654,-98.6125,0.256142
TXS04,2023-06-12,30.3654,-98.6125,0.1732326
TXS04,2023-06-18,30.3654,-98.6125,0.1397892
TXS04,2023-06-20,30.3654,-98.6125,0.1362388
TXS04,2023-06-23,30.3654,-98.6125,0.2342849
TXS04,2023-06-26,30.3654,-98.6125,0.1203174
TXS04,2023-06-28,30.3654,-98.6125,0.1147238
TXS04,2023-07-04,30.3654,-98.6125,0.1188984
TXS04,2023-07-06,30.3654,-98.6125,0.1197429
TXS04,2023-07-09,30.3654,-98.6125,0.103162
TXS04,2023-07-12,30.3654,-98.6125,0.0938548
TXS04,2023-07-14,30.3654,-98.6125,0.1164898
TXS04,2023-07-20,30.3654,-98.6125,0.099279
TXS04,2023-07-22,30.3654,-98.6125,0.0861615
TXS04,2023-07-25,30.3654,-98.6125,0.1095537
TXS04,2023-07-28,30.3654,-98.6125,0.1034416
TXS04,2023-07-30,30.3654,-98.6125,0.0980321
TXS04,2023-08-02,30.3654,-98.6125,0.1083001
TXS04,2023-08-05,30.3654,-98.6125,0.1001659
TXS04,2023-08-07,30.3654,-98.6125,0.1002691
TXS04,2023-08-10,30.3654,-98.6125,0.0986728
TXS04,2023-08-13,30.3654,-98.6125,0.0948631
TXS04,2023-08-15,30.3654,-98.6125,0.1006725
TXS04,2023-08-18,30.3654,-98.6125,0.1172523
TXS04,2023-08-21,30.3654,-98.6125,0.0994808
TXS04,2023-08-23,30.3654,-98.6125,0.1276898
TXS04,2023-08-26,30.3654,-98.6125,0.1081657
TXS04,2023-08-29,30.3654,-98.6125,0.1264486
TXS04,2023-08-31,30.3654,-98.6125,0.11843
TXS04,2023-09-03,30.3654,-98.6125,0.1144638
TXS04,2023-09-06,30.3654,-98.6125,0.099612
TXS04,2023-09-08,30.3654,-98.6125,0.105181
TXS04,2023-09-11,30.3654,-98.6125,0.1651549
TXS04,2023-09-14,30.3654,-98.6125,0.2825171
TXS04,2023-09-16,30.3654,-98.6125,0.2701702
TXS04,2023-09-19,30.3654,-98.6125,0.2010616
TXS04,2023-09-22,30.3654,-98.6125,0.148004
TXS04,2023-09-24,30.3654,-98.6125,0.1294711
TXS04,2023-09-27,30.3654,-98.6125,0.2036146
TXS04,2023-09-30,30.3654,-98.6125,0.1506543
TXS04,2023-10-02,30.3654,-98.6125,0.158494
TXS04,2023-10-05,30.3654,-98.6125,0.3647287
TXS04,2023-10-08,30.3654,-98.6125,0.2405156
TXS04,2023-10-10,30.3654,-98.6125,0.1952052
TXS04,2023-10-13,30.3654,-98.6125,0.1559407
TXS04,2023-10-16,30.3654,-98.6125,0.141194
TXS04,2023-10-18,30.3654,-98.6125,0.1378306
TXS04,2023-10-21,30.3654,-98.6125,0.1246016
TXS04,2023-10-24,30.3654,-98.6125,0.1465814
TXS04,2023-10-26,30.3654,-98.6125,0.4162619
TXS04,2023-10-29,30.3654,-98.6125,0.3007714
TXS04,2023-11-01,30.3654,-98.6125,0.2938499
TXS04,2023-11-03,30.3654,-98.6125,0.2466747
TXS04,2023-11-06,30.3654,-98.6125,0.2070835
TXS04,2023-11-09,30.3654,-98.6125,0.1716433
TXS04,2023-11-11,30.3654,-98.6125,0.3082896
TXS04,2023-11-14,30.3654,-98.6125,0.3225063
TXS04,2023-11-17,30.3654,-98.6125,0.2593396
TXS04,2023-11-19,30.3654,-98.6125,0.2453316
TXS04,2023-11-22,30.3654,-98.6125,0.2346485
TXS04,2023-11-25,30.3654,-98.6125,0.2013739
TXS04,2023-11-27,30.3654,-98.6125,0.2251328
TXS04,2023-11-30,30.3654,-98.6125,0.1937102
TXS04,2023-12-03,30.3654,-98.6125,0.2029583
TXS04,2023-12-05,30.3654,-98.6125,0.1941653
TXS04,2023-12-08,30.3654,-98.6125,0.1568224
TXS04,2023-12-11,30.3654,-98.6125,0.1651801
TXS04,2023-12-13,30.3654,-98.6125,0.1513559
TXS04,2023-12-16,30.3654,-98.6125,0.2611661
TXS04,2023-12-19,30.3654,-98.6125,0.2144271
TXS04,2023-12-21,30.3654,-98.6125,0.2007625
TXS04,2023-12-24,30.3654,-98.6125,0.3623634
TXS04,2023-12-27,30.3654,-98.6125,0.2682371
TXS04,2023-12-29,30.3654,-98.6125,0.2433116
